[
    {
        "bio": "My guiding principles: I'm thoughtful and I believe. Can't learn enough about cinema! Gamer; Engineer. My family is what gets me out of bed every day.",
        "id": "user0",
        "name": "Aga Orlova",
        "color": {
            "h": 0.75707988194531695,
            "s": 0.81293901213002762,
            "b": 0.92267943863794188
        }
    },
    {
        "bio": "Fascinated by soccer since I was in diapers. Self-motivated. My guiding principles: I care and I'm thoughtful.",
        "id": "user1",
        "name": "Amber Spiers",
        "color": {
            "h": 0.38214953042434585,
            "s": 0.98485514418274012,
            "b": 0.9756186459120062
        }
    },
    {
        "bio": "Avid cinema fan. Self-motivated; Engineer; Parent. Moved and motivated by my family.",
        "id": "user2",
        "name": "Ashley Kamin",
        "color": {
            "h": 0.51220133137758783,
            "s": 0.99522449455118878,
            "b": 0.92201499850010737
        }
    },
    {
        "bio": "Teacher. My guiding principle: I believe. Our beautiful planet is what gets me out of bed every day.",
        "id": "user3",
        "name": "Brian Mork",
        "color": {
            "h": 0.43792595637116727,
            "s": 0.79204716154478771,
            "b": 0.85656768252582205
        }
    },
    {
        "bio": "Avid architecture fan. I believe because I'm optimistic. Idealist; Teacher; Thinker.",
        "id": "user4",
        "name": "Cynthia Yao",
        "color": {
            "h": 0.63508871033040437,
            "s": 0.63006330002935984,
            "b": 0.8514076802537146
        }
    },
    {
        "bio": "I believe, which means I'm thoughtful. Moved and motivated by making the world a better place.",
        "id": "user5",
        "name": "Daren Estrada",
        "color": {
            "h": 0.44978735938649117,
            "s": 0.55779885420797837,
            "b": 0.81972277110069847
        }
    },
    {
        "bio": "I'm optimistic, which means I care. Driven by my family. My passion is cinema. Thinker; Nurse; Doer.",
        "id": "user6",
        "name": "Duncan Kerr",
        "color": {
            "h": 0.68752416364392677,
            "s": 0.92580936332368791,
            "b": 0.98602379300196452
        }
    },
    {
        "bio": "Gamer; Tinkerer. I believe, which means I care. Driven by making the world a better place.",
        "id": "user7",
        "name": "Eliza Block",
        "color": {
            "h": 0.67215222975501965,
            "s": 0.55579631908162108,
            "b": 0.96398059167751504
        }
    },
    {
        "bio": "I believe because I'm thoughtful. Making the world a better place is what gets me out of bed every day. Tinkerer; Team-oriented. My passion is puzzles.",
        "id": "user8",
        "name": "Enrique de la Huelga",
        "color": {
            "h": 0.67316020715030533,
            "s": 0.51348528283069783,
            "b": 0.88312810368449257
        }
    },
    {
        "bio": "My passion is soccer. I seek answers because I believe. Moved and motivated by finding joy in small moments.",
        "id": "user9",
        "name": "Francine Hanson",
        "color": {
            "h": 0.95093570420024409,
            "s": 0.55694214224226357,
            "b": 0.90297725971961573
        }
    },
    {
        "bio": "My passion is painting. I'm optimistic, which means I'm thoughtful.",
        "id": "user10",
        "name": "Greg Apodaca",
        "color": {
            "h": 0.9835992678881238,
            "s": 0.50798699652918966,
            "b": 0.91455965482279689
        }
    },
    {
        "bio": "Finding joy in small moments is what gets me out of bed every day. My passion is soccer. Teacher; Adventurer; Doer.",
        "id": "user11",
        "name": "Greg Crane",
        "color": {
            "h": 0.111204701457706,
            "s": 0.64420949617317169,
            "b": 0.91583586756503343
        }
    },
    {
        "bio": "Driven by using each day to the fullest. Team-oriented. I care, which means I'm optimistic.",
        "id": "user12",
        "name": "Hugo Verweij",
        "color": {
            "h": 0.37171523562906383,
            "s": 0.99905348528198779,
            "b": 0.81958741601745544
        }
    },
    {
        "bio": "Parent; Teacher; Engineer. Driven by finding joy in small moments.",
        "id": "user13",
        "name": "Ivy Truong",
        "color": {
            "h": 0.068003720671784063,
            "s": 0.69728521508908137,
            "b": 0.88362184853648462
        }
    },
    {
        "bio": "I'm optimistic because I care. Driven by my family.",
        "id": "user14",
        "name": "Jackelyn Perra",
        "color": {
            "h": 0.91507055353768763,
            "s": 0.8740684467516473,
            "b": 0.8398826586150101
        }
    },
    {
        "bio": "Parent; Idealist; Doer. Avid fitness fan. My guiding principles: I seek answers and I believe.",
        "id": "user15",
        "name": "Jen Barzyk",
        "color": {
            "h": 0.31783409894413994,
            "s": 0.80557264916397575,
            "b": 0.83519974485810389
        }
    },
    {
        "bio": "Driven by using each day to the fullest. Team-oriented. My passion is architecture.",
        "id": "user16",
        "name": "John Baily",
        "color": {
            "h": 0.29062481686094421,
            "s": 0.5488700172669283,
            "b": 0.87088587464808498
        }
    },
    {
        "bio": "I seek answers, which means I'm optimistic. Moved and motivated by our beautiful planet.",
        "id": "user17",
        "name": "John Guynn",
        "color": {
            "h": 0.0780893151357408,
            "s": 0.58356265038358313,
            "b": 0.83552339606977877
        }
    },
    {
        "bio": "Moved and motivated by our beautiful planet. My guiding principle: I'm optimistic. Painting enthusiast.",
        "id": "user18",
        "name": "Kevin Britten",
        "color": {
            "h": 0.53837863819231602,
            "s": 0.61009307355380171,
            "b": 0.97067790036899704
        }
    },
    {
        "bio": "I'm thoughtful, which means I'm optimistic. Moved and motivated by using each day to the fullest.",
        "id": "user19",
        "name": "Kiara Beattie",
        "color": {
            "h": 0.33151284752308363,
            "s": 0.96483227440302421,
            "b": 0.89525602159041306
        }
    },
    {
        "bio": "My guiding principle: I care. Nurse; Teacher. Moved and motivated by my community. My passion is cinema.",
        "id": "user20",
        "name": "Kully Mandon",
        "color": {
            "h": 0.034173831921740838,
            "s": 0.78642977556341953,
            "b": 0.82119002396472607
        }
    },
    {
        "bio": "My family is what gets me out of bed every day. I'm optimistic because I believe. Can't learn enough about puzzles!",
        "id": "user21",
        "name": "Lucinda Yang",
        "color": {
            "h": 0.75881600958289896,
            "s": 0.75679622444060191,
            "b": 0.86623372235892759
        }
    },
    {
        "bio": "Our beautiful planet is what gets me out of bed every day. I'm thoughtful, which means I'm optimistic. Fascinated by architecture since I was in diapers.",
        "id": "user22",
        "name": "Marty Rosamond",
        "color": {
            "h": 0.89307702522814114,
            "s": 0.52834985231362253,
            "b": 0.93923401167673937
        }
    },
    {
        "bio": "Driven by making the world a better place. I'm optimistic because I seek answers. I love painting. Teacher; Self-motivated.",
        "id": "user23",
        "name": "Michael Marks",
        "color": {
            "h": 0.32016096750949441,
            "s": 0.5948310618678283,
            "b": 0.96363616261094587
        }
    },
    {
        "bio": "Avid soccer fan. My guiding principle: I believe. Nurse. Using each day to the fullest is what gets me out of bed every day.",
        "id": "user24",
        "name": "Nanditha Guruswamy",
        "color": {
            "h": 0.69132071509127435,
            "s": 0.85884117595801346,
            "b": 0.87508857179046484
        }
    },
    {
        "bio": "My passion is fitness. My guiding principle: I'm thoughtful. Finding joy in small moments is what gets me out of bed every day.",
        "id": "user25",
        "name": "Nathan Small",
        "color": {
            "h": 0.51034206463960774,
            "s": 0.9390713196398488,
            "b": 0.82122060397280305
        }
    },
    {
        "bio": "My guiding principle: I believe. Architecture enthusiast.",
        "id": "user26",
        "name": "Nick Jones",
        "color": {
            "h": 0.77799950969433074,
            "s": 0.75704516676200084,
            "b": 0.99247242480230136
        }
    },
    {
        "bio": "Driven by my community. My guiding principle: I'm optimistic. I love architecture. Engineer; Idealist; Self-motivated.",
        "id": "user27",
        "name": "Nisha Kumar",
        "color": {
            "h": 0.70898635045179692,
            "s": 0.83029712174876558,
            "b": 0.8494634682114196
        }
    },
    {
        "bio": "Moved and motivated by my family. I seek answers, which means I'm optimistic. Architecture enthusiast. Engineer; Nurse; Adventurer.",
        "id": "user28",
        "name": "Paul Cashman",
        "color": {
            "h": 0.86104697709754607,
            "s": 0.96955956624935491,
            "b": 0.95722230327402757
        }
    },
    {
        "bio": "My guiding principle: I'm optimistic. My family is what gets me out of bed every day.",
        "id": "user29",
        "name": "Paul Hikiji",
        "color": {
            "h": 0.75789588340022451,
            "s": 0.54106294347764128,
            "b": 0.86167352726140367
        }
    },
    {
        "bio": "I love soccer. Adventurer; Team-oriented. I'm thoughtful, which means I believe.",
        "id": "user30",
        "name": "Randy Pikul",
        "color": {
            "h": 0.99042713687705386,
            "s": 0.96829922881536135,
            "b": 0.84037899263991167
        }
    },
    {
        "bio": "Doer; Self-motivated. My passion is astronomy.",
        "id": "user31",
        "name": "Ruben Zakharov",
        "color": {
            "h": 0.44078901241491364,
            "s": 0.60758646629179669,
            "b": 0.85976244901215493
        }
    },
    {
        "bio": "Moved and motivated by our beautiful planet. Fascinated by cinema since I was in diapers. I seek answers, which means I'm optimistic. Nurse; Doer.",
        "id": "user32",
        "name": "Ryan Carbonetti",
        "color": {
            "h": 0.91094812298102235,
            "s": 0.66524261383499839,
            "b": 0.8654256327788975
        }
    },
    {
        "bio": "My guiding principles: I seek answers and I care. Driven by my community. Avid puzzles fan.",
        "id": "user33",
        "name": "Sam Oliver",
        "color": {
            "h": 0.16840194089412797,
            "s": 0.97364408497423094,
            "b": 0.98426416772470704
        }
    },
    {
        "bio": "My guiding principle: I care. Adventurer; Nurse. My passion is soccer.",
        "id": "user34",
        "name": "Shota Aoyagi",
        "color": {
            "h": 0.78453314101900817,
            "s": 0.88133312471721048,
            "b": 0.96718708199030112
        }
    },
    {
        "bio": "Using each day to the fullest is what gets me out of bed every day. Avid fitness fan. I'm optimistic, which means I care.",
        "id": "user35",
        "name": "Simon Pickford",
        "color": {
            "h": 0.33208967124760735,
            "s": 0.55062539143758049,
            "b": 0.88693431365393549
        }
    },
    {
        "bio": "I'm optimistic because I'm thoughtful. Thinker; Nurse. Making the world a better place is what gets me out of bed every day.",
        "id": "user36",
        "name": "Susie Liu",
        "color": {
            "h": 0.95012758988477453,
            "s": 0.75877681412941533,
            "b": 0.99186281226101036
        }
    },
    {
        "bio": "My guiding principles: I'm optimistic and I care. Tinkerer; Nurse; Idealist.",
        "id": "user37",
        "name": "Tejo Dama",
        "color": {
            "h": 0.097926430942431808,
            "s": 0.73637796776508813,
            "b": 0.83193270098464545
        }
    },
    {
        "bio": "Self-motivated; Engineer. My guiding principle: I believe. Making the world a better place is what gets me out of bed every day.",
        "id": "user38",
        "name": "Thobeka Rigmaiden",
        "color": {
            "h": 0.052844532950900858,
            "s": 0.82515841085129216,
            "b": 0.96061762436292708
        }
    },
    {
        "bio": "Can't learn enough about fitness! My guiding principles: I'm optimistic and I care. Teacher; Gamer. Driven by my community.",
        "id": "user39",
        "name": "Tom McNeil",
        "color": {
            "h": 0.65268173113860539,
            "s": 0.89201779339963183,
            "b": 0.83482281166209527
        }
    },
    {
        "bio": "Moved and motivated by making the world a better place. Adventurer; Thinker.",
        "id": "user40",
        "name": "Troy Monken",
        "color": {
            "h": 0.54399384260297035,
            "s": 0.91428692314123983,
            "b": 0.97985696433337288
        }
    }
]
